101,島村卯月,1,1
102,中野有香,1,1
103,水本ゆかり,1,1
104,福山舞,1,0
105,椎名法子,1,1
106,今井加奈,1,0
107,持田亜里沙,1,0
108,三村かな子,1,1
109,奥山沙織,1,0
110,間中美里,1,0
111,小日向美穂,1,1
112,緒方智絵里,1,1
113,五十嵐響子,1,1
114,柳瀬美由紀,1,0
115,櫻井桃華,1,1
116,江上椿,1,0
117,長富蓮実,1,0
118,横山千佳,1,0
119,関裕美,1,1
120,池袋晶葉,1,0
121,太田優,1,0
122,棟方愛海,1,1
123,藤本里奈,1,1
124,大原みちる,1,0
125,遊佐こずえ,1,1
126,大沼くるみ,1,0
127,一ノ瀬志希,1,1
128,前川みく,1,1
129,赤西瑛梨華,1,0
130,松原早耶,1,0
131,相原雪乃,1,0
132,宮本フレデリカ,1,1
133,小早川紗枝,1,1
134,西園寺琴歌,1,0
135,双葉杏,1,1
136,楊菲菲,1,0
137,桃井あずき,1,0
138,涼宮星花,1,0
139,月宮雅,1,0
140,兵藤レナ,1,0
141,道明寺歌鈴,1,1
142,柳清良,1,0
143,井村雪菜,1,0
144,日下部若葉,1,0
145,榊原里美,1,0
146,輿水幸子,1,1
147,安斎都,1,0
148,浅野風香,1,0
149,大西由里子,1,0
150,安部菜々,1,1
151,工藤忍,1,0
152,栗原ネネ,1,0
153,古賀小春,1,0
154,クラリス,1,0
155,佐久間まゆ,1,1
156,村松さくら,1,0
157,丹羽仁美,1,0
158,原田美世,1,0
159,白菊ほたる,1,1
160,早坂美玲,1,1
161,有浦柑奈,1,0
162,乙倉悠貴,1,1
163,辻野あかり,1,0
164,黒埼ちとせ,1,1
165,白雪千夜,1,1
201,渋谷凛,2,1
202,黒川千秋,2,0
203,松本沙理奈,2,0
204,桐野アヤ,2,0
205,高橋礼子,2,0
206,相川千夏,2,0
207,川島瑞樹,2,1
208,神谷奈緒,2,1
209,上条春菜,2,1
210,荒木比奈,2,1
211,東郷あい,2,0
212,多田李衣菜,2,1
213,水木聖來,2,0
214,佐々木千枝,2,1
215,三船美優,2,1
216,服部瞳子,2,0
217,木場真奈美,2,0
218,藤原肇,2,1
219,新田美波,2,1
220,水野翠,2,0
221,古澤頼子,2,0
222,橘ありす,2,1
223,鷺沢文香,2,1
224,八神マキノ,2,0
225,ライラ,2,0
226,浅利七海,2,0
227,ヘレン,2,0
228,松永涼,2,0
229,小室千奈美,2,0
230,高峯のあ,2,0
231,高垣楓,2,1
232,神崎蘭子,2,1
233,伊集院惠,2,0
234,柊志乃,2,0
235,北条加蓮,2,1
236,ケイト,2,0
237,瀬名詩織,2,0
238,綾瀬穂乃香,2,0
239,佐城雪美,2,1
240,篠原礼,2,0
241,和久井留美,2,0
242,吉岡沙紀,2,0
243,梅木音葉,2,0
244,白坂小梅,2,1
245,岸部彩華,2,0
246,氏家むつみ,2,0
247,西川保奈美,2,0
248,成宮由愛,2,0
249,藤居朋,2,0
250,塩見周子,2,1
251,脇山珠美,2,1
252,岡崎泰葉,2,0
253,速水奏,2,1
254,大石泉,2,0
255,松尾千鶴,2,0
256,森久保乃々,2,1
257,アナスタシア,2,1
258,大和亜季,2,1
259,結城晴,2,1
260,望月聖,2,0
261,二宮飛鳥,2,1
262,桐生つかさ,2,0
263,鷹富士茄子,2,1
264,砂塚あきら,2,0
265,久川颯,2,1
301,本田未央,3,1
302,高森藍子,3,1
303,並木芽衣子,3,0
304,龍崎薫,3,1
305,木村夏樹,3,1
306,松山久美子,3,0
307,斉藤洋子,3,0
308,沢田麻理菜,3,0
309,矢口美羽,3,0
310,赤城みりあ,3,1
311,愛野渚,3,0
312,真鍋いつき,3,0
313,大槻唯,3,1
314,姫川友紀,3,1
315,喜多見柚,3,1
316,上田鈴帆,3,1
317,海老原菜帆,3,0
318,及川雫,3,1
319,小関麗奈,3,1
320,衛藤美紗希,3,0
321,メアリー・コクラン,3,0
322,星輝子,3,1
323,片桐早苗,3,1
324,堀裕子,3,1
325,西島櫂,3,0
326,的場梨沙,3,1
327,財前時子,3,0
328,依田芳乃,3,1
329,相葉夕美,3,1
330,野々村そら,3,0
331,浜川愛結奈,3,0
332,若林智香,3,0
333,城ヶ崎美嘉,3,1
334,城ヶ崎莉嘉,3,1
335,仙崎恵磨,3,0
336,日野茜,3,1
337,諸星きらり,3,1
338,十時愛梨,3,1
339,ナターリア,3,1
340,相馬夏美,3,0
341,槙原志保,3,0
342,向井拓海,3,1
343,市原仁奈,3,1
344,杉坂海,3,0
345,喜多日菜子,3,1
346,北川真尋,3,0
347,小松伊吹,3,0
348,三好紗南,3,0
349,キャシー・グラハム,3,0
350,難波笑美,3,1
351,浜口あやめ,3,1
352,村上巴,3,1
353,土屋亜子,3,0
354,首藤葵,3,0
355,冴島清美,3,0
356,南条光,3,1
357,佐藤心,3,1
358,イヴ・サンタクロース,3,0
359,夢見りあむ,3,1
360,久川凪,3,1
